sample	rank	count	snps	deletions	insertions	total	length	sequence	conversions
DCKP93B_BM_5DPOG	1	343	0	0	0	0	433	-ccccactccactc-tttgtccctatgcatcggatactgtataaatgctgtcacagaggtggtcctgaagtatattccacaactaatacttttattctaaaaactgaaaatctccaactacagccccaactatccctccagccataggattgttttagcatcttcttcaaatgagcctccaaagtccctatcccatcatccagggactccaccaacaccatcacacagattcttagtttttcaaagatgtggagataatctgtcctaaaggctctgagatccctagacagtttatttcccaacttctctcagccggctccctcagggacaaatatccaagattagtctgcaatgctcagaaaactccataacaaaggttaaaaataaagacctggagagg---ccattcttacctgaggagacggtgactgaggttcc-----	A:C=0;A:G=0;A:T=0;C:A=0;C:G=0;C:T=0;G:A=0;G:C=0;G:T=0;T:A=0;T:C=0;T:G=0
DCKP93B_BM_5DPOG	2	21	1	0	0	1	433	-ccccactccactc-tttgtccctatgcatcggatattgtataaatgctgtcacagaggtggtcctgaagtatattccacaactaatacttttattctaaaaactgaaaatctccaactacagccccaactatccctccagccataggattgttttagcatcttcttcaaatgagcctccaaagtccctatcccatcatccagggactccaccaacaccatcacacagattcttagtttttcaaagatgtggagataatctgtcctaaaggctctgagatccctagacagtttatttcccaacttctctcagccggctccctcagggacaaatatccaagattagtctgcaatgctcagaaaactccataacaaaggttaaaaataaagacctggagagg---ccattcttacctgaggagacggtgactgaggttcc-----	A:C=0;A:G=0;A:T=0;C:A=0;C:G=0;C:T=1;G:A=0;G:C=0;G:T=0;T:A=0;T:C=0;T:G=0
DCKP93B_BM_5DPOG	3	15	1	0	0	1	433	-ccccactccactc-tttgtccctatgcatcggatactgtataaatgctgtcacagaggtggtcctgaagtatattccacaactaatacttttattctaaaaactgaaaatctccaactacagccccaactatccctccagccataggattgttttagcatcttcttcaaatgagcctccaaagtccccatcccatcatccagggactccaccaacaccatcacacagattcttagtttttcaaagatgtggagataatctgtcctaaaggctctgagatccctagacagtttatttcccaacttctctcagccggctccctcagggacaaatatccaagattagtctgcaatgctcagaaaactccataacaaaggttaaaaataaagacctggagagg---ccattcttacctgaggagacggtgactgaggttcc-----	A:C=0;A:G=0;A:T=0;C:A=0;C:G=0;C:T=0;G:A=0;G:C=0;G:T=0;T:A=0;T:C=1;T:G=0
DCKP93B_BM_5DPOG	4	14	1	0	0	1	433	-ccccactccactc-tttgtccctatgcatcggatactgtataaatgctgtcacagaggtggtcctgaagtatattccacaactaatacttttattctaaaaactgaaaatctccaactacagccccaactatccctccagccataggattgttttagcatcttcttcaaatgagtctccaaagtccctatcccatcatccagggactccaccaacaccatcacacagattcttagtttttcaaagatgtggagataatctgtcctaaaggctctgagatccctagacagtttatttcccaacttctctcagccggctccctcagggacaaatatccaagattagtctgcaatgctcagaaaactccataacaaaggttaaaaataaagacctggagagg---ccattcttacctgaggagacggtgactgaggttcc-----	A:C=0;A:G=0;A:T=0;C:A=0;C:G=0;C:T=1;G:A=0;G:C=0;G:T=0;T:A=0;T:C=0;T:G=0
DCKP93B_BM_5DPOG	5	12	2	0	0	2	433	-ccccactccactc-tttgtccctatgcatcggatactgtataaatgctgtcacagaggtggtcctgaagtatattccacaactaatacttttattctaaaaactgaaaatctccaactacagccccaactatccctccagccataggattgttttagcatcttcttcaaatgagcctccaaagtccctatcccatcatccagggactccaccaacaccatcacacagattcttagtttttcaaagatgtggagataatctgtcctaaaggctctgagatccctagacagtttatttcccaacttctctcacccggctccctcagggacaaatatccaagattagtctgcaatactcagaaaactccataacaaaggttaaaaataaagacctggagagg---ccattcttacctgaggagacggtgactgaggttcc-----	A:C=0;A:G=0;A:T=0;C:A=0;C:G=0;C:T=0;G:A=1;G:C=1;G:T=0;T:A=0;T:C=0;T:G=0
DCKP93B_BM_5DPOG	6	10	1	0	0	1	433	-ccccactccactc-tttgtccctatgcatcggatactgtataaatgctgtcacagaggtggtcctgaagtatattccacaactaatacttttattctaaaaactgaaaatctccaactacagccccaactatccctccagccataggattgttttagcatcttcttcaaatgagcctccaaagtccctatcccatcatccagggactccaccaacaccatcacacagattcttagtttttcaaagatgtggagataatctgtcctaaaggctctgagatccctagacagtttatttcccaacttctctcagccggctccctcagggacaaatatccaagattagtctgcaatgctcagaaaaccccataacaaaggttaaaaataaagacctggagagg---ccattcttacctgaggagacggtgactgaggttcc-----	A:C=0;A:G=0;A:T=0;C:A=0;C:G=0;C:T=0;G:A=0;G:C=0;G:T=0;T:A=0;T:C=1;T:G=0
DCKP93B_BM_5DPOG	7	10	1	0	0	1	433	-ccccactccactc-tttgtccctatgcatcggatactgtataaatgctgtcacagaggtggtcctgaagtatattccacaactaatacttttattctaaaaactgaaaatctccaactacagccccaactatccctccagccataggattgttttagcatcttcttcaaatgagcctccaaagtccctatcccatcatccagggactccaccaacaccatcacacagattcttagtctttcaaagatgtggagataatctgtcctaaaggctctgagatccctagacagtttatttcccaacttctctcagccggctccctcagggacaaatatccaagattagtctgcaatgctcagaaaactccataacaaaggttaaaaataaagacctggagagg---ccattcttacctgaggagacggtgactgaggttcc-----	A:C=0;A:G=0;A:T=0;C:A=0;C:G=0;C:T=0;G:A=0;G:C=0;G:T=0;T:A=0;T:C=1;T:G=0
DCKP93B_BM_5DPOG	8	10	1	0	0	1	433	-ccccactccactc-tttgtccctatgcatcggatactgtataaatgctgtcacagaggtggtcctgaagtatattccacaactaatacttttattctaaaaactgaaaatctccaactacagccccaactatccctccagccataggattgttttagcatcttcttcaaatgagcctccaaagtccctatcccatcatccagggactccaccaacaccatcacacagattcttagtttttcaaagatgtggagataatctgtcctaaaggctctgagatccctagacagtttatttcccaacttctcccagccggctccctcagggacaaatatccaagattagtctgcaatgctcagaaaactccataacaaaggttaaaaataaagacctggagagg---ccattcttacctgaggagacggtgactgaggttcc-----	A:C=0;A:G=0;A:T=0;C:A=0;C:G=0;C:T=0;G:A=0;G:C=0;G:T=0;T:A=0;T:C=1;T:G=0
DCKP93B_BM_5DPOG	9	10	1	0	0	1	433	-ccccactccactc-tttgtccctatgcatcggatactgtataaatgctgtcacagaggtggtcctgaagtatattccacaactaatacttttattctaaaaactgaaaatctccaactacagccccaactatccctccagccataggattgttttagcatcttcttcaaatgagcctccaaagtccctatcccatcatccagggactccaccaacaccatcacacagattcttagtttttcaaagatgtggagataatctgtcctaaaggctctgagatccctagacagtttatttcccaacttctctcagccggctccctcagggacaaatatccaagattagtctgcaatgctcagaaaactccataacaaagattaaaaataaagacctggagagg---ccattcttacctgaggagacggtgactgaggttcc-----	A:C=0;A:G=0;A:T=0;C:A=0;C:G=0;C:T=0;G:A=1;G:C=0;G:T=0;T:A=0;T:C=0;T:G=0
